30371795,12/07/2021
30354987,12/07/2021
30371795,09/08/2021
30371791,09/08/2021
30371797,09/08/2021
30371796,23/08/2021
30288264,23/08/2021
30371831,23/08/2021
30380358,23/08/2021
30371790,23/08/2021
30369917,23/08/2021
30371833,30/08/2021
30371834,30/08/2021
30380359,30/08/2021
30371844,30/08/2021
30371794,30/08/2021
30371803,30/08/2021
30288282,30/08/2021
30354987,30/08/2021
30371791,30/08/2021
30371798,30/08/2021
30371806,06/09/2021
30363019,06/09/2021
30371797,06/09/2021
30380357,06/09/2021
30371792,06/09/2021
30372886,06/09/2021
30394461,06/09/2021
30371793,06/06/2021
30371796,13/09/2021
30371790,13/09/2021
30358940,13/09/2021
30354987,13/09/2021
30371807,13/09/2021
30380358,13/09/2021
30371815,20/09/2021
30394495,20/09/2021
30371795,20/09/2021
30371805,20/09/2021
30371791,20/09/2021
30363019,20/09/2021
30371798,20/09/2021
30371803,27/09/2021
30371843,27/09/2021
30354118,27/09/2021
30394461,27/09/2021
30371792,27/09/2021
