30371831,01/03/2021
30371820,01/03/2021
30371790,01/03/2021
30328715,01/03/2021
30371829,15/03/2021
30371805,15/03/2021
30371822,15/03/2021
30371793,15/03/2021
30371791,15/03/2021
30354987,15/03/2021
30371806,26/04/2021
30371821,26/04/2021
30371798,26/04/2021
30328715,26/04/2021
30371831,03/05/2021
30371822,03/05/2021
30371795,03/05/2021
30371791,03/05/2021
30371800,03/05/2021
30354987,03/05/2021
30371831,07/06/2021
30371821,07/06/2021
30371814,07/06/2021
30371795,07/06/2021
30371792,07/06/2021
30371798,07/06/2021
30354119,07/06/2021
30371807,14/06/2021
30371791,14/06/2021
30371796,14/06/2021
30393130,14/06/2021
30393129,14/06/2021
30371830,21/06/2021
30371806,21/06/2021
30358940,21/06/2021
30371794,21/06/2021
30371790,21/06/2021
30371797,21/06/2021
30371795,28/06/2021
30371792,28/06/2021
30328715,28/06/2021
30371851,05/07/2021
30371852,05/07/2021
30371798,05/07/2021
30372389,05/07/2021
30358940,12/07/2021
30371790,12/07/2021
30328715,12/07/2021
30371803,19/07/2021
30371794,02/08/2021
30354118,02/08/2021
30371798,09/08/2021
30371803,09/08/2021
30371806,09/08/2021
30371790,09/08/2021
30328715,09/08/2021
30371805,19/07/2021
30371795,19/07/2021
30354987,19/07/2021
30371795,16/08/2021
30371791,16/08/2021
30371797,16/08/2021
30354118,16/08/2021
30354987,16/08/2021
30371794,18/08/2021
30371791,18/08/2021
30371795,18/08/2021
30371794,19/08/2021
30371792,23/08/2021
30372389,23/08/2021
30371805,23/08/2021
30371807,23/08/2021
30393129,23/08/2021
30393130,23/08/2021
30288282,23/08/2021
30363019,23/08/2021
30371832,23/08/2021
30288273,23/08/2021
30371813,23/08/2021
30371832,23/08/2021
30288273,23/08/2021
30371816,23/08/2021
30371814,23/08/2021
30371812,23/08/2021
30371811,23/08/2021
30371838,23/08/2021
30331755,23/08/2021
30371822,23/08/2021
30371843,23/08/2021
30371821,23/08/2021
30374802,23/08/2021
30371842,23/08/2021
30371851,23/08/2021
30371852,23/08/2021
30371841,23/08/2021
30371804,23/08/2021
30371799,23/08/2021
30354118,23/08/2021
30354987,23/08/2021
30372389,23/08/2021
30328715,23/08/2021
30380359,23/08/2021
30358940,23/08/2021
30372886,23/08/2021
30380357,23/08/2021
30371800,23/08/2021
30392774,24/08/2021
30371790,30/08/2021
30371796,30/08/2021
30394461,30/08/2021
30369917,30/08/2021
30380358,30/08/2021
30371831,30/08/2021
30371833,06/09/2021
30371791,06/09/2021
30371798,06/09/2021
30371834,06/09/2021
30371844,06/09/2021
30371803,06/09/2021
30354987,06/09/2021
30380359,06/09/2021
30371794,06/09/2021
30394495,06/09/2021
30304615,06/09/2021
30394461,13/09/2021
30380357,13/09/2021
30372886,13/09/2021
30363019,13/09/2021
30371806,13/09/2021
30371797,13/09/2021
30371792,13/09/2021
30354987,20/09/2021
30371790,20/09/2021
30358940,20/09/2021
30371807,20/09/2021
30380358,20/09/2021
30371796,20/09/2021
30371791,27/09/2021
30363019,27/09/2021
30371805,27/09/2021
30394495,27/09/2021
30371798,27/09/2021
30371815,27/09/2021
30371795,27/09/2021
30354118,04/10/2021
30371792,04/10/2021
30371803,04/10/2021
30394461,04/10/2021
30371843,04/10/2021
30371790,11/10/2021
30371806,11/10/2021
30371797,11/10/2021
30371794,11/10/2021
30371807,18/10/2021
30371813,18/10/2021
30371791,18/10/2021
30371796,18/10/2021
30371798,25/10/2021
30394495,25/10/2021
30354118,25/10/2021
30371792,25/10/2021
30371831,25/10/2021
30371797,01/11/2021
30371803,01/11/2021
30371805,01/11/2021
30371795,01/11/2021
30372886,01/11/2021
1337337,19/11/2021
30394461,22/11/2021
30371822,22/11/2021
30371807,22/11/2021
30371791,22/11/2021
30371821,22/11/2021
30393129,22/11/2021
30394495,22/11/2021
30372886,22/11/2021
30371820,22/11/2021
30371790,29/11/2021
30354119,29/11/2021
30371797,29/11/2021
30371794,29/11/2021
30371803,29/11/2021
30371798,29/11/2021
30371792,06/12/2021
30371834,06/12/2021
30372886,06/12/2021
30371805,20/12/2021
30371791,20/12/2021
30371851,20/12/2021
30371795,20/12/2021
30371797,21/12/2021
30394461,21/12/2021
30371830,21/12/2021
30372886,21/12/2021
30354119,21/12/2021
30354118,21/12/2021
30371807,21/12/2021
30371790,21/12/2021
30354119,07/02/2022
30371832,07/02/2022
30304615,07/02/2022
30394495,14/02/2022
30371807,14/02/2022
30371833,14/02/2022
30371795,14/02/2022
30371796,14/02/2022
30371791,14/02/2022
30371829,28/02/2022
30371803,28/02/2022
30371832,28/02/2022
30371831,28/02/2022
30354119,28/02/2022
30354118,28/02/2022
30371792,28/02/2022
30371790,28/02/2022
30374802,28/02/2022
30371798,28/02/2022
30354987,07/03/2022
30371796,07/03/2022
30371791,07/03/2022
30394495,07/03/2022
30371805,07/03/2022
30394461,07/03/2022
30371833,23/05/2022
